ID,Name,PhotoUrl
517794539,Cameron Davis,https://randomuser.me/api/portraits/men/97.jpg
483211894,Daisy Owens,https://randomuser.me/api/portraits/women/70.jpg
407167002,Teresa West,https://randomuser.me/api/portraits/women/61.jpg
582694485,Pearl Bell,https://randomuser.me/api/portraits/women/23.jpg
720625986,Emma Lucas,https://randomuser.me/api/portraits/women/43.jpg
96140036,Susan Terry,https://randomuser.me/api/portraits/women/16.jpg
834089659,Freddie Porter,https://randomuser.me/api/portraits/men/80.jpg
824692999,Gabriel Webb,https://randomuser.me/api/portraits/men/82.jpg
632597275,Devon Taylor,https://randomuser.me/api/portraits/men/88.jpg
37277521,Arnold Graham,https://randomuser.me/api/portraits/men/25.jpg
